﻿Designator,Footprint,Quantity,Value,LCSC Part #
"D1, D10, D11, D12, D13, D14, D15, D16, D17, D18, D19, D2, D20, D21, D22, D23, D24, D25, D26, D27, D28, D3, D4, D5, D6, D7, D8, D9",Diode_DO-35-FLIP,28,Diode,
"D29, D30, D31, D32, D33, D34, D35, D36, D37, D38, D39, D40, D41, D42, D43, D44, D45, D46, D47, D48, D49, D50, D51, D52, D53, D54, D55",SK6812_mini_e_flipable,27,LED_SK6812MINI,
"S1, S10, S11, S12, S13, S14, S15, S16, S17, S18, S19, S2, S20, S21, S22, S23, S24, S25, S26, S27, S3, S4, S5, S6, S7, S8, S9",Kailh-PG1350-1u-reversible-No-Clickhole,27,Keyswitch,
SW1,SW_PUSH_6mm_H4.3mm,1,SW_Push,
SW2,evqwgd001,1,RotaryEncoder_Switch,
U1,TRRS_PJ-320A_FLIP,1,TRRS,
U2,Nice_Nano_V2,1,Nice_Nano_V2,
